Specified Values,Specified Attribute Names,eventStatus,Fitness,Accuracy,Numerosity,Avg Match Set Size,TimeStamp GA,Iteration Initialized,Specificity,Deletion Probability,Correct Count,Match Count,Epoch Complete
"0, 1, 1, 1","N105, N622, N761, M0P2","4.822500000000001,17.098197065120953",1.0,0.7529519627333344,2,302.23445063816223,49969,23730,0.004,0.0020362242282303,574,1218,True
0,N934,"79.16,107.12919941996249",1.0,0.7381457718350879,2,247.9151236948072,49994,29324,0.001,0.0017206485072383,6989,13286,True
"0, 0","N468, M0P2","12.674999999999997,54.1175",0.4786847162577061,0.6890067940440993,6,296.3026565905773,49984,29984,0.002,0.0059887810304036,1478,2159,True
"0, 0","N3, M0P2","36.100421607422724,54.1175",0.8113004459792259,0.6054100011003783,3,246.83871614568255,49984,32282,0.002,0.0025673752428979,2122,5037,True
0,N570,"79.16,99.0",1.0,0.7323211194473109,2,264.46498031659246,49994,32391,0.001,0.0018600238289293,4268,8214,True
0,N819,"79.16,99.0",1.0,0.7484474728081504,2,246.56561876660004,49994,34487,0.001,0.0017092835940678,7958,14952,True
"1, 0, 1","N440, N603, N617","12.674999999999997,47.325",0.3264438376106207,0.585923255583257,1,290.7971298093229,49998,34829,0.003,0.0009795841605206,576,1019,True
"0, 0","N286, N819","79.16,99.0",1.0,0.7487903225904612,2,246.43625502587872,49994,35991,0.002,0.0017081941518212,6047,11404,True
"0, 0","N261, N934","79.16,107.12919941996249",1.0,0.7501977271404313,1,249.4244177794844,49975,36172,0.002,0.0008666795457943,4127,7737,True
"2, 0, 0","N626, N678, N765","22.912499999999998,55.087500000000006",0.3403189960234584,0.6076671765428951,2,280.00803999483753,49986,36238,0.003,0.0018864796979064,601,1097,True
"0, 0","N509, N748","79.16,99.0",1.0,0.744850045192061,2,246.06831811452915,49940,36270,0.002,0.0017050955554676,5433,10281,True
"0, 1, 1","N189, N440, N617","12.674999999999997,47.325",1.0,0.7565356450108239,4,287.96547966902733,49998,36354,0.003,0.0038801816626659,361,562,True
"1, 1, 1","N265, N440, N617","12.674999999999997,47.325",1.0,0.8109845065744469,3,289.752114181813,49927,36621,0.003,0.0029281917092784,388,566,True
"1, 2, 0","N83, N497, N844","22.912499999999998,55.087500000000006",0.2930126615159059,0.7009913221104048,1,245.1906937430055,49813,36721,0.003,0.0008259535438166,140,230,True
"0, 0, 1, 0","N307, N376, N525, M0P2","34.78034670950005,54.1175",1.0,0.7617195041717136,3,269.4157682688919,49984,36879,0.004,0.0027226756264453,743,1410,True
0,N167,"79.16,108.15887597029477",1.0,0.7469950795208419,3,246.8499263056136,49994,36989,0.001,0.0025675168531561,6395,12070,True
"2, 0, 0","N157, N955, M0P2","12.674999999999997,54.1175",1.0,0.983547776754338,1,314.3694479370166,49984,37058,0.003,0.0010589902725403,191,191,True
"1, 1, 1","N622, N761, M0P2","4.822500000000001,19.1775",0.3696067053458781,0.5757394000298678,2,287.11715360955884,49992,37422,0.003,0.0019343754601299,380,1021,True
"0, 1, 0","N307, N525, M0P2","34.78034670950005,54.1175",0.4616918284306897,0.6104631343286002,1,259.92968059793446,49984,37515,0.003,0.0008756035457773,743,1715,True
"0, 2, 0","N446, N743, N765","22.912499999999998,55.087500000000006",0.3033460703501552,0.5745976822773626,1,238.0832611600856,49974,37644,0.003,0.0008020113254571,616,1190,True
"0, 0, 0, 0","N254, N376, N914, M0P2","90.81979760344741,107.12919941996249",0.5947631881480832,0.6115966106208225,1,250.31234082573303,49957,37707,0.004,0.0008704183866507,805,2386,True
"0, 2, 0","N307, N626, M0P2","34.78034670950005,54.1175",0.3435960590439246,0.6388755771440564,1,266.7623624970681,49934,37856,0.003,0.0008986202343074,324,718,True
"0, 0, 0","N367, N955, M0P2","36.100421607422724,55.365",0.4998884188719544,0.6035948564713337,1,271.94767561056943,49984,37889,0.003,0.0009160875683098,721,1679,True
"1, 0, 0","N525, N617, M0P2","36.100421607422724,54.1175",0.3120373328326888,0.5416243922978622,1,243.2219988039984,49870,37924,0.003,0.00081932176454,381,980,True
"1, 0","N148, M0P2","36.100421607422724,54.1175",0.5275234698968831,0.6774540497757195,1,286.8012229406317,49984,37978,0.002,0.0009661234806368,731,1586,True
"0, 0, 0, 0","N3, N468, N980, M0P2","12.674999999999997,54.1175",1.0,0.7269779826587512,2,316.5688735687926,49984,38013,0.004,0.0021327985903106,732,1039,True
"0, 2, 0","N678, N743, N765","22.912499999999998,55.087500000000006",1.0,0.740234047196066,1,244.47490199893,49972,38172,0.003,0.0008235423155655,518,856,True
0,N553,"79.16,99.0",1.0,0.7470766496530776,2,241.1189512224709,49994,38193,0.001,0.0016634142516043,5445,10275,True
"1, 1, 1","N622, N761, M0P2","4.822500000000001,17.098197065120953",0.3617991077240762,0.5448466133983478,1,287.11715360955884,49992,38930,0.003,0.0009671877300649,310,906,True
"0, 1, 2, 1","N56, N350, N626, M0P2","22.912499999999998,47.325",0.2690080561274416,0.6652748631078397,1,255.80537849251567,49838,39190,0.004,0.000861710351514,59,117,True
"0, 1, 1, 0","N353, N440, N617, N687","12.674999999999997,47.325",0.2488249710206718,0.5692408387941038,1,278.9431506816967,49954,39821,0.004,0.0009396526446897,83,152,True
0,N234,"76.02620578932347,99.0",1.0,0.7360500940837128,2,246.562290042076,49994,39856,0.001,0.0017092555610725,4731,8663,True
"0, 1, 1, 0, 0, 0","N376, N525, N691, N888, N980, M0P2","12.674999999999997,54.1175",0.2850767837729624,0.5998860418674784,1,256.5509152457672,49856,40263,0.006,0.0008642217793092,301,476,True
"0, 0","N748, N863","79.16,99.0",1.0,0.7519491006685465,1,239.15456239670772,49994,40404,0.002,0.0008234355337644,5117,9628,True
"0, 0","N217, N957","79.16,99.0",1.0,0.7325445661011901,1,245.5571577764627,49957,40734,0.002,0.000850395398466,1589,3064,True
"0, 0, 2, 0, 0","N172, N468, N481, N765, M0P2","12.674999999999997,54.1175",1.0,0.9719323644301252,2,306.55923437683384,49765,40965,0.005,0.0020653613084406,72,72,True
"0, 1, 1, 1, 0","N56, N373, N440, N617, N955","12.674999999999997,47.325",1.0,0.9614430597358096,1,308.5325653421964,49878,40969,0.005,0.0010393280504941,72,86,True
"1, 1, 0","N148, N375, M0P2","36.100421607422724,54.1175",1.0,0.761565044791937,1,308.7550593569195,49984,41184,0.003,0.0010400775476187,272,529,True
"1, 0","N148, M0P2","34.78034670950005,54.1175",0.5226359037827066,0.6758453982593663,4,286.8012229406317,49984,41308,0.002,0.0038644939225474,551,1173,True
"0, 0, 0, 0","N203, N741, N827, M0P2","36.100421607422724,55.087500000000006",0.5708158061987969,0.594346412433648,1,273.25387167968057,49984,41349,0.004,0.0009204876426183,622,1467,True
"2, 0, 0, 0","N157, N897, N972, M0P2","12.674999999999997,54.1175",1.0,0.8925580099165831,1,281.8562805212315,49984,41379,0.004,0.0009494658634454,95,119,True
"0, 1, 0, 0","N189, N440, N687, N955","12.674999999999997,47.325",1.0,0.7799512942911395,2,275.38210259755954,49954,41431,0.004,0.0018553136750168,127,198,True
"0, 0","N616, N914","79.16,99.0",1.0,0.7562009980439584,1,252.75691982038396,49957,41666,0.002,0.0008514412617496,1691,3178,True
"0, 1, 1, 0","N376, N525, N759, M0P2","36.100421607422724,54.1175",1.0,0.8581200920407916,1,268.86012479319453,49948,41679,0.004,0.0009056867920797,272,446,True
"0, 0, 1, 1, 1","N105, N220, N622, N761, M0P2","5.945894616735394,17.098197065120953",1.0,0.8110224711121851,2,312.41888235355555,49969,41696,0.005,0.0021048391282388,180,351,True
"1, 1, 0","N148, N156, M0P2","36.100421607422724,54.1175",1.0,0.8039063125239087,1,299.4641915682583,49948,41725,0.003,0.0010087801722655,268,483,True
"0, 0","N261, N642","79.16,99.0",1.0,0.7247737756946905,1,247.32804274709105,49940,41840,0.002,0.0008578521900292,3438,6724,True
"0, 0, 0","N3, N468, M0P2","36.100421607422724,54.1175",1.0,0.739759733071295,1,313.77518980529754,49984,41934,0.003,0.0010569884444842,418,829,True
"1, 0, 0","N33, N655, N818","79.16,108.15887597029477",1.0,0.7622896653897647,1,241.12843398303892,49957,42071,0.003,0.0008317470555379,1117,2073,True
"0, 1, 0, 0, 0, 1","N56, N350, N699, N765, N907, M0P2","12.674999999999997,55.087500000000006",1.0,0.7607437884922688,2,258.8280706288948,49807,42172,0.006,0.0017437852873749,76,108,True
0,N748,"79.16,99.0",1.0,0.7488621234888814,5,239.15462288279787,49994,42353,0.001,0.0041171789422875,4236,8016,True
"0, 0","N300, N570","79.16,107.12919941996249",1.0,0.769656019044104,1,276.2627533464247,49808,42466,0.002,0.0009306234126087,745,1367,True
"1, 1, 0, 0, 0","N265, N617, N955, N980, M0P2","12.674999999999997,54.1175",1.0,0.8947066750871209,1,288.0753609199942,49889,42592,0.005,0.0009704155635185,143,174,True
1,N786,"79.16,99.0",1.0,0.7992446813134746,1,233.65160422221408,49975,42597,0.001,0.0007870827704743,941,1649,True
"2, 0, 1","N497, N844, N924","12.674999999999997,55.087500000000006",1.0,0.8805942377913283,1,288.7728674583316,49969,42625,0.003,0.0009727651959143,90,111,True
2,N636,"79.16,108.15887597029477",1.0,0.8799903799882062,1,245.6611624411534,49870,42670,0.001,0.00082753837268,431,678,True
"1, 1, 1, 0, 2","N224, N393, N520, N624, N851","0.8324999999999996,17.1675",0.2539447831469369,0.5971506818002787,1,256.41971093945574,49947,42747,0.005,0.00086377980225,41,102,True
"1, 0","N8, N261","79.16,108.15887597029477",1.0,0.7197282706415248,1,248.1096896887048,49975,42806,0.002,0.0008611435265171,1624,3186,True
"0, 0, 0, 0","N468, N955, N980, M0P2","12.674999999999997,54.1175",1.0,0.7995854826434777,2,316.222659802628,49984,42829,0.004,0.0021304660671408,207,277,True
0,N957,"79.16,99.0",1.0,0.7465280006646696,1,245.82237564738915,49994,42871,0.001,0.0008515121702582,3326,6330,True
0,N516,"79.16,99.0",1.0,0.7357704208882831,2,245.6970859304219,49994,42917,0.001,0.0017019692078342,3824,7408,True
"0, 0","N616, N695","79.16,99.0",0.8331945098085866,0.7176449319581768,1,266.05076150085995,49957,43016,0.002,0.0008962231230809,926,1857,True
"1, 0, 0","N339, N468, M0P2","34.78034670950005,54.1175",1.0,0.7196580725881374,2,306.51087101752523,49984,43066,0.003,0.0020650354731701,208,422,True
"2, 1, 0","N497, N779, N844","22.912499999999998,55.087500000000006",0.2354369348328509,0.5415810809898496,1,302.635857303718,49813,43121,0.003,0.0010194642994402,48,86,True
"0, 0, 1, 1, 1, 1, 1","N105, N558, N617, N622, N761, N952, M0P2","4.822500000000001,17.098197065120953",1.0,0.9149504007054692,1,315.6036280712459,49714,43214,0.007,0.0010631477527448,38,56,True
"0, 0, 0, 0","N3, N468, N651, M0P2","12.674999999999997,54.1175",1.0,0.775516685657056,4,313.79588810279307,49984,43264,0.004,0.0042282326764856,487,669,True
"1, 0, 0","N375, N827, M0P2","22.912499999999998,54.1175",1.0,0.7212401315672047,5,304.43171689098153,49984,43279,0.003,0.0051275693130474,448,746,True
"0, 1, 1, 0, 0","N259, N316, N375, N827, M0P2","12.674999999999997,54.1175",1.0,0.8670319683587486,1,305.7080634714642,49978,43300,0.005,0.0010298133854225,203,263,True
"0, 1, 1, 1, 2, 0","N11, N170, N300, N427, N907, N946","34.78034670950005,55.365",1.0,0.9948666355106128,2,231.94442760814252,49722,43322,0.006,0.0015626638925559,18,18,True
"0, 1, 1, 0","N189, N440, N617, N687","12.674999999999997,47.325",1.0,0.7183600741862248,1,289.7500755408265,49998,43424,0.004,0.000976057035692,113,177,True
"1, 1, 1","N148, N316, N375","22.912499999999998,54.1175",1.0,0.8453839200440683,2,291.48756359010633,49978,43551,0.003,0.00196381993501,215,309,True
"1, 0","N156, M0P2","36.100421607422724,54.1175",0.5033825787872674,0.5924910443010906,2,252.6442402550739,49948,43652,0.002,0.0017021233748965,439,1069,True
"0, 1, 1","N65, N359, N440","4.822500000000001,47.325",0.273916326209779,0.5761670233582874,1,280.6486113305115,49969,43674,0.003,0.0009453976884563,124,195,True
0,N713,"79.16,99.0",1.0,0.7308108046054099,1,239.6063035833465,49975,43711,0.001,0.0008253377125762,2554,4983,True
"0, 0, 1, 1, 1, 1","N105, N558, N622, N761, N952, M0P2","4.822500000000001,17.098197065120953",1.0,0.91818077526175,1,315.8714701383537,49714,43730,0.006,0.0010640500100905,52,79,True
"1, 0, 1, 0, 0","N20, N189, N440, N687, N955","4.822500000000001,47.325",1.0,0.9009679520145092,1,268.60017001067393,49878,43831,0.005,0.0009048111039752,84,103,True
"0, 0","N499, N553","79.16,99.0",1.0,0.7357769887165199,1,244.53503522360992,49994,43904,0.002,0.0008460914741824,2827,5462,True
"1, 0, 0","N33, N655, N835","79.16,99.0",1.0,0.7868005082739277,1,217.4871025418527,49890,43972,0.003,0.000732630755012,680,1218,True
0,N934,"79.16,106.63881304693086",1.0,0.7381457718350879,4,247.9151236948072,49994,44093,0.001,0.0034412970144767,2148,4130,True
0,N768,"79.16,99.0",1.0,0.7505708561585035,3,246.7838782988717,49994,44156,0.001,0.0025666825140077,3315,6291,True
"0, 1, 0","N3, N148, M0P2","34.78034670950005,54.1175",1.0,0.7424888221722352,1,287.3876035212152,49984,44206,0.003,0.0009680987722401,321,623,True
"2, 0","N157, M0P2","12.674999999999997,54.1175",1.0,0.7526609177633423,3,286.7532358163961,49984,44258,0.002,0.0028978854911804,143,200,True
"0, 0","N748, N857","79.16,99.0",1.0,0.7340990011994551,1,236.5606975226714,49994,44389,0.002,0.0008125133620651,2652,5151,True
"0, 0, 0, 1, 1","N105, N220, N390, N761, M0P2","6.721944621236221,24.31699892431465",0.5008380814641781,0.6051085868450528,1,274.8453723574711,49969,44432,0.005,0.000925848798887,313,754,True
"0, 0, 1, 1","N220, N283, N863, M0P2","4.822500000000001,24.31699892431465",1.0,0.9682543838286164,1,276.2681438820917,49810,44454,0.004,0.0009306415712589,39,47,True
"0, 0, 1","N46, N286, N422","76.02620578932347,107.09984789733129",1.0,0.80287663804808,1,240.03565237371612,49940,44490,0.003,0.0008085881837269,964,1626,True
"0, 1","N518, N576","76.02620578932347,99.0",1.0,0.7554322605046448,1,249.8664970019064,49975,44544,0.002,0.0008685410402848,1407,2517,True
"0, 0, 0, 0","N3, N56, N955, M0P2","12.674999999999997,54.1175",1.0,0.7362582081313283,2,279.63158279472225,49984,44588,0.004,0.001883943417644,282,411,True
"1, 1, 0","N440, N617, N687","12.674999999999997,47.325",0.324633064162904,0.6120437561903237,5,293.6598936911497,49998,44621,0.003,0.0049461385782701,156,265,True
"0, 1, 1, 1, 1","N166, N622, N761, N820, M0P2","4.822500000000001,19.1775",1.0,0.9465344387223747,1,289.7233821431482,49913,44622,0.005,0.0009759671158583,69,93,True
"2, 1, 0","N626, N693, N765","12.674999999999997,55.087500000000006",1.0,0.8317561850393003,3,286.4056064218322,49986,44624,0.003,0.002894372400296,157,204,True
"0, 0, 0","N3, N468, M0P2","12.674999999999997,54.1175",1.0,0.728318112051644,4,313.77518980529754,49984,44637,0.003,0.0042279537779368,403,577,True
"0, 1, 0, 0, 1","N56, N350, N699, N907, M0P2","12.674999999999997,55.087500000000006",0.2804974233608332,0.6554525078673286,2,264.65137787296453,49954,44730,0.005,0.0017830182711521,68,106,True
"0, 0, 0","N955, N980, M0P2","12.674999999999997,54.1175",0.4384313767343352,0.5847093247712364,1,282.11125941741204,49984,44810,0.003,0.0009503247896945,445,704,True
"2, 1, 0","N626, N693, N943","12.674999999999997,55.087500000000006",0.2774872504942177,0.5231142000241826,2,272.4243721931488,49986,44813,0.003,0.0018353867530616,183,296,True
"0, 1, 0, 0","N56, N309, N955, M0P2","12.674999999999997,54.1175",0.3214126274922841,0.6968846235152873,1,283.6685128603264,49984,44828,0.004,0.000955570580145,170,256,True
"1, 0, 1, 2","N224, N319, N520, N851","0.8324999999999996,17.1675",1.0,0.7463634462484235,1,266.0793448102144,49950,44856,0.004,0.0008963194093033,38,76,True
"2, 1, 1, 1, 1","N182, N622, N761, N820, M0P2","4.822500000000001,19.1775",1.0,0.970428298383331,1,298.24951450044466,49696,44869,0.005,0.0010046883904224,36,43,True
"0, 0","N262, N957","76.02620578932347,99.0",1.0,0.7337120304557105,3,245.83552494462063,49994,44874,0.002,0.0025547026168238,2442,4521,True
"0, 0","N220, N242","76.02620578932347,99.0",0.9963585124422912,0.7103926590501132,1,247.0320554806147,49994,44907,0.002,0.0008566058553502,2673,5091,True
0,N664,"79.16,99.0",1.0,0.7459208544523116,2,246.2588658053041,49994,44942,0.001,0.0017067002609527,3003,5735,True
"0, 0","N82, N934","79.16,106.63881304693086",1.0,0.7415505524714476,1,247.9503319185847,49994,44959,0.002,0.0008604725073964,1845,3539,True
"1, 1, 0, 0","N440, N617, N687, N980","12.674999999999997,47.325",1.0,0.7219882803259816,2,295.4527764426609,49998,44969,0.004,0.0019905345020073,136,210,True
0,N82,"79.16,99.0",1.0,0.7421238768262604,2,246.26092823426688,49994,44978,0.001,0.001706717629786,2985,5735,True
"0, 1, 2, 0","N3, N256, N505, N742","34.78034670950005,54.1175",0.2902410320940731,0.6570896081135262,1,270.51892110686225,49986,44987,0.004,0.0009112746415728,86,193,True
"1, 2, 0, 0, 0","N88, N626, N678, N765, N952","34.78034670950005,55.24051076957074",0.30349966679116,0.7069931717958619,1,277.8017974399308,49986,45094,0.005,0.0009358078627349,65,131,True
"1, 0, 1, 2","N224, N319, N520, N851","0,17.1675",1.0,0.7371092642706457,1,266.0793448102144,49950,45147,0.004,0.0008963194093033,37,73,True
"0, 1, 2, 0, 0","N3, N256, N505, N678, N765","34.78034670950005,54.1175",1.0,0.7997270109010259,1,276.48754521019845,49986,45243,0.005,0.0009313806503067,89,158,True
"0, 0","N391, N762","76.02620578932347,107.09984789733129",1.0,0.7223262316940374,1,247.13917182252368,49957,45258,0.002,0.0008570568977656,2054,3873,True
"0, 0, 0","N343, N468, M0P2","36.100421607422724,54.1175",0.3670794776205819,0.7028752128852547,1,291.1281713353236,49984,45339,0.003,0.000980699312639,145,310,True
"0, 0","N46, N863","79.16,99.0",1.0,0.7491583542368148,1,250.22330858750723,49994,45344,0.002,0.0008429064958313,2082,3973,True
"1, 0, 1, 2","N224, N319, N393, N851","0.8324999999999996,17.1675",0.2277158844660142,0.5141006989452799,2,257.3458018011424,49950,45361,0.004,0.0017337988953754,27,75,True
"2, 0, 0, 0, 0","N157, N238, N259, N980, M0P2","12.674999999999997,54.1175",1.0,0.8750049277745988,2,298.5555832995013,49984,45379,0.005,0.0020114388379758,76,96,True
0,N811,"76.02620578932347,99.0",1.0,0.7347100285638164,1,246.283596174156,49994,45384,0.001,0.0008534542644031,2650,4914,True
"0, 0, 2, 0","N37, N66, N157, M0P2","12.674999999999997,54.1175",0.3025187591303991,0.6793888115000031,1,280.7508027647921,49984,45487,0.004,0.000945741932261,79,119,True
"0, 2, 2, 0","N172, N481, N743, N765","34.78034670950005,55.365",0.2454542490921291,0.6081249707120561,1,255.1155012362949,49927,45511,0.004,0.0008593864192477,26,62,True
1,N584,"79.16,99.0",0.9971048294048552,0.7119780093091475,1,247.46785081443315,49994,45524,0.001,0.000858440889823,1192,2410,True
0,N830,"79.16,99.0",1.0,0.7318390042165583,2,246.78516463366267,49994,45586,0.001,0.0017111325089283,2117,4138,True
"0, 1, 1, 1","N203, N254, N350, N869","22.912499999999998,54.1175",0.2522135176978156,0.6242582285486173,1,222.67276679152843,49929,45590,0.004,0.0007500992718577,38,70,True
"0, 1, 2","N203, N350, N626","22.912499999999998,54.1175",0.2767486963699675,0.5825430806927814,1,239.58004933642545,49894,45590,0.003,0.0008070534315816,78,140,True
"0, 0, 1, 1, 1","N105, N558, N622, N761, N952","4.822500000000001,17.098197065120953",0.3041848491324471,0.6954102529186251,1,268.34541477308824,49714,45614,0.005,0.0009039529311462,38,89,True
"1, 1, 0, 0, 0","N148, N156, N316, N743, M0P2","12.674999999999997,54.1175",1.0,0.8631607957207027,1,282.1466301367649,49948,45635,0.005,0.0009504439401017,32,38,True
"0, 0","N262, N664","79.19687928115698,99.0",1.0,0.7508156584979474,2,246.34772590453304,49994,45647,0.002,0.0017074486000591,2496,4757,True
"0, 0, 2, 0","N468, N678, N743, N765","36.100421607422724,55.087500000000006",1.0,0.8599541649926737,1,283.1443382361361,49685,45685,0.004,0.0009538048365851,60,100,True
"2, 2, 0, 1","N505, N626, N678, N850","22.912499999999998,54.1175",1.0,0.8329735218541824,1,253.60666791862596,49849,45707,0.004,0.0008543037376551,39,59,True
0,N286,"79.16,99.0",1.0,0.743320232916927,2,245.86429121921384,49994,45707,0.001,0.0017033773342879,2217,4288,True
"0, 0","N234, N438","79.16,99.0",1.0,0.7519536860122946,1,247.2015415896109,49994,45728,0.002,0.0008573195225892,1831,3498,True
"0, 0","N262, N469","76.02620578932347,99.0",1.0,0.7416464289581395,1,246.03358255312656,49994,45742,0.002,0.0008524015142296,2231,4107,True
"1, 1, 0, 0, 0","N316, N375, N827, N972, M0P2","12.674999999999997,54.1175",1.0,0.8333651011476905,1,307.58324190454914,49978,45758,0.005,0.0010361301434056,143,191,True
"1, 0, 1, 0","N148, N259, N375, M0P2","22.912499999999998,54.1175",1.0,0.8399073215970864,1,307.2526940291827,49984,45758,0.004,0.0010350166542071,158,228,True
0,N835,"79.16,99.0",1.0,0.7562146144124836,1,249.26642440341016,49975,45759,0.001,0.0008396831194836,1600,3038,True
"0, 0","N452, N604","79.16,99.0",1.0,0.7212988640420954,1,257.9792179664512,49975,45778,0.002,0.0008690331841622,1345,2675,True
"0, 0","N262, N664","79.16,99.0",1.0,0.7504218708628715,2,246.34772590453304,49994,45819,0.002,0.0017074486000591,2414,4601,True
"0, 2, 1, 0","N604, N626, N693, N765","12.674999999999997,55.087500000000006",1.0,0.8062206595381222,3,286.42815358474274,49986,45838,0.004,0.0028946002585661,114,153,True
1,N72,"76.02620578932347,99.0",0.9976127072072772,0.7130555210320458,1,242.9324759321936,49975,45888,0.001,0.0008183464728667,1102,2121,True
1,N412,"76.02620578932347,99.0",1.0,0.7332718841918392,1,251.43812133082687,49940,45895,0.001,0.0008469987347132,1374,2564,True
"1, 0","N779, N857","79.16,99.0",1.0,0.7683987123582287,1,280.0624702939652,49975,45906,0.002,0.0009434232037851,541,1001,True
"0, 0, 1, 1","N56, N436, N440, N617","12.674999999999997,47.325",0.2723262540652862,0.6155949049736192,1,299.0416770794019,49998,45910,0.004,0.0010073568827676,66,116,True
0,N604,"79.16,99.0",1.0,0.7384492221069625,2,253.44452940533705,49994,45925,0.001,0.0017075151101998,2100,4077,True
"2, 0, 0, 0","N157, N238, N367, M0P2","12.674999999999997,54.1175",1.0,0.9065810997803548,2,298.55677869565005,49984,45949,0.004,0.0020114468916395,86,104,True
"0, 1, 0, 1, 0, 0","N3, N148, N259, N316, N468, M0P2","12.674999999999997,54.1175",0.2746414263812041,0.6780397263357331,1,328.0495476653604,49978,45978,0.006,0.0011050732893053,36,54,True
"0, 0, 0","N262, N499, N811","79.16,99.0",1.0,0.7315219835081854,1,247.91768718994612,49994,46007,0.003,0.0008603350479108,2038,4002,True
"0, 2","N678, N743","36.100421607422724,55.087500000000006",0.3587960416365525,0.5090404073775079,1,254.4636440861881,49978,46026,0.002,0.000857190562158,219,592,True
"0, 0, 1, 1","N105, N220, N761, M0P2","6.721944621236221,24.31699892431465",0.4962882699968569,0.5966948660461155,2,274.86781289459884,49969,46073,0.004,0.0018518487849247,231,564,True
0,N440,"76.02620578932347,99.0",1.0,0.7434572594083162,1,232.44561593969053,49994,46162,0.001,0.0007951856947469,2050,3795,True
"0, 0, 0","N3, N664, M0P2","29.574790193991834,54.1175",0.7117117349489572,0.5853242930159083,1,247.04893366885403,49984,46175,0.003,0.0008566769255404,567,1234,True
"0, 1, 0, 2, 0, 1, 0","N3, N88, N117, N626, N678, N693, N765","12.674999999999997,54.1175",1.0,0.9841498822659976,1,306.79878457506504,49986,46196,0.007,0.0010334876070949,28,29,True
0,N648,"79.16,99.0",1.0,0.7373541984324771,1,246.25910649973872,49994,46204,0.001,0.0008533511439855,2309,4500,True
"1, 0, 0","N148, N743, M0P2","12.674999999999997,54.1175",0.3023504077277537,0.5634418418981717,1,290.1519309916084,49948,46279,0.003,0.0009774107328027,125,190,True
0,N330,"79.16,102.4391417255122",1.0,0.7227541991094019,1,239.81608575839635,49994,46290,0.001,0.0008262210573326,1704,3387,True
0,N762,"76.02620578932347,99.0",1.0,0.7230976079488476,1,247.0137582903425,49957,46304,0.001,0.000856528810067,1750,3309,True
"0, 1, 0, 0, 0, 1","N56, N350, N699, N765, N907, M0P2","38.794278593303346,55.087500000000006",0.2494838797894074,0.5714292146523583,1,258.8280706288948,49807,46318,0.006,0.0008718926436874,22,57,True
0,N391,"79.16,107.12919941996249",1.0,0.7434031238964116,2,246.806658199503,49994,46334,0.001,0.0017113135179075,2213,4260,True
"1, 2, 0","N617, N743, N765","24.131998783442214,55.087500000000006",0.2914915236809973,0.6498182169016266,1,242.93086479606265,49974,46351,0.003,0.0008183410455661,97,189,True
"0, 0, 1, 1, 1, 1","N105, N558, N617, N622, N761, M0P2","4.822500000000001,17.098197065120953",0.2333851196221195,0.5196519770003348,2,292.77795130375154,49714,46414,0.006,0.0019725135790363,22,66,True
"0, 1, 1, 1, 0, 0","N56, N148, N156, N309, N980, M0P2","12.674999999999997,54.1175",1.0,0.8385217090492044,3,314.0443882327833,49733,46428,0.006,0.0031736858126654,58,74,True
"1, 1, 0","N148, N156, M0P2","34.78034670950005,54.1175",1.0,0.8171874008906708,1,299.4641915682583,49948,46435,0.003,0.0010087801722655,133,231,True
"1, 0, 0","N693, N765, N943","12.674999999999997,55.087500000000006",0.3221409535003264,0.5105894686062628,1,270.4233635270374,49986,46443,0.003,0.0009109527446832,267,431,True
"1, 1, 0","N440, N617, N980","12.674999999999997,54.1175",1.0,0.7192254966397094,2,291.8517075757469,49998,46504,0.003,0.0019662732582647,165,243,True
"1, 0, 0, 0, 0","N148, N588, N955, N980, M0P2","36.100421607422724,54.1175",1.0,0.9155478401573256,1,301.2679142755657,49984,46525,0.005,0.0010148562232747,74,108,True
"1, 1","N440, N617","12.674999999999997,47.325",0.3430411907686567,0.602724692720175,5,291.46598603708867,49998,46527,0.002,0.0049091864049634,167,294,True
"0, 0, 0","N468, N651, M0P2","12.674999999999997,54.1175",1.0,0.7348631034694222,2,296.31111738187894,49984,46533,0.003,0.001996317345799,296,421,True
"0, 1, 1, 1, 1, 0, 0","N9, N20, N373, N440, N617, N687, N955","12.674999999999997,45.77576682976038",1.0,0.9955853132948908,1,285.94654982113684,49878,46543,0.007,0.0009632444142209,17,17,True
"0, 0, 0, 1, 0","N3, N56, N296, N339, M0P2","34.78034670950005,54.1175",0.371237700850116,0.646704747463456,1,275.2321222959944,49984,46565,0.005,0.000927151611312,134,301,True
"0, 0, 2, 1, 0, 0","N3, N307, N505, N525, N742, M0P2","34.78034670950005,54.1175",1.0,0.795538933114409,1,266.2246188491823,49787,46587,0.006,0.0008968087819034,25,50,True
1,N338,"79.16,99.0",1.0,0.7217276721667052,1,245.11364306482847,49957,46598,0.001,0.0008485278594588,830,1648,True
"1, 1, 2, 0","N265, N440, N771, N946","22.912499999999998,40.56334927293654",1.0,0.8895382751484426,1,318.2418489418128,49801,46601,0.004,0.001072034908469,20,31,True
"0, 1, 1, 1, 0, 1","N3, N148, N316, N375, N468, N525","22.912499999999998,54.1175",0.2597560289073472,0.6429963088507048,1,317.4099266073131,49806,46606,0.006,0.0010692324807346,16,26,True
"1, 1, 0, 0","N440, N617, N687, N715","12.674999999999997,54.1175",0.2467690576281823,0.5723414919315944,1,261.6018396601262,49824,46624,0.004,0.0008812364092525,40,66,True
"0, 0, 0, 1, 1, 1","N220, N390, N546, N622, N761, M0P2","5.945894616735394,17.098197065120953",0.3874170973267871,0.6228909980106172,1,289.9258467973979,49992,46639,0.006,0.0009766491417384,103,274,True
0,N443,"78.00866390069982,101.38923273973316",1.0,0.7336965884146889,1,246.46352928916664,49994,46641,0.001,0.0008542119215949,1693,3260,True
"0, 2, 0","N172, N481, N765","34.78034670950005,55.365",1.0,0.7497436308418848,2,256.25398642129176,49927,46646,0.003,0.0017264430796353,87,167,True
"0, 0","N468, M0P2","34.78034670950005,54.1175",0.5210201599843854,0.7065960145321263,2,296.3026565905773,49984,46656,0.002,0.0019962603434678,213,432,True
"0, 0, 1, 0","N307, N376, N525, M0P2","36.100421607422724,54.1175",1.0,0.7732550221651622,1,269.4157682688919,49984,46656,0.004,0.0009075585421484,220,424,True
"0, 1, 1, 0","N56, N440, N617, N980","12.674999999999997,54.1175",0.3367661596792822,0.7130746578249019,1,289.8418832436073,49998,46678,0.004,0.0009763663006821,119,178,True
"2, 0, 0, 0","N157, N238, N980, M0P2","12.674999999999997,54.1175",1.0,0.8926263597787434,1,298.94259642351705,49984,46689,0.004,0.001007023117984,64,79,True
"0, 0, 2, 0","N3, N468, N743, N765","36.100421607422724,55.087500000000006",1.0,0.8062355165905608,1,256.8194354842385,49685,46698,0.004,0.0008651263211544,62,116,True
"0, 0, 0, 1, 1, 1","N220, N283, N390, N622, N761, M0P2","4.822500000000001,17.098197065120953",0.3898362669021382,0.6923653349043002,1,298.39594348630874,49992,46702,0.006,0.0010051816535963,91,214,True
"0, 1, 1, 1","N166, N622, N761, N820","4.822500000000001,19.1775",0.2996975284416923,0.5981009163271224,1,281.03863848762666,49913,46713,0.004,0.0009467115405756,45,117,True
0,N262,"76.02620578932347,99.0",1.0,0.7310627854580481,3,246.3474566744709,49994,46725,0.001,0.0025611694990901,2047,3846,True
0,N857,"79.16,99.0",1.0,0.7276148611966741,2,244.4952930245457,49994,46725,0.001,0.0016918482577444,1742,3451,True
"0, 0, 1, 1, 0","N169, N259, N316, N375, M0P2","12.674999999999997,54.1175",0.3136605121333459,0.6677689561576775,1,304.7569489195269,49978,46734,0.005,0.0010266094447559,111,168,True
0,N957,"76.02620578932347,99.0",1.0,0.7301818079079883,1,245.82237564738915,49994,46775,0.001,0.0008515121702582,1712,3214,True
"2, 2","N13, N497","22.912499999999998,55.087500000000006",1.0,0.9943839937012036,1,243.5474196013909,49929,46805,0.002,0.0008204179825764,13,14,True
2,N775,"79.16,99.0",1.0,0.8413281324450658,2,231.54369129502467,49957,46807,0.001,0.0015827757927245,642,1072,True
"2, 0","N743, N765","22.912499999999998,55.087500000000006",0.2941983411172247,0.5569486918665904,4,238.08301383339,49974,46826,0.002,0.003208041969233,181,364,True
"0, 0","N46, N863","79.16,107.45048023883953",1.0,0.7491583542368148,1,250.22330858750723,49994,46862,0.002,0.0008429064958313,1485,2866,True
"1, 1, 0, 0, 0","N316, N375, N638, N827, M0P2","12.674999999999997,54.1175",1.0,0.8503108186383148,1,310.2853789746704,49978,46958,0.005,0.0010452326083274,116,153,True
0,N66,"79.16,99.0",1.0,0.7465939527106396,1,240.0445363588946,49994,47004,0.001,0.0008271830105586,1857,3587,True
0,N914,"78.00866390069982,101.38923273973316",1.0,0.7533747761697535,1,245.821818276908,49975,47016,0.001,0.0008515098232986,1725,3251,True
"0, 1, 0, 2","N9, N617, N687, N743","24.131998783442214,55.087500000000006",0.2206852641834347,0.528094467706848,1,252.8410607933105,49974,47024,0.004,0.000851724700463,46,96,True
"1, 1, 0, 0","N94, N148, N743, M0P2","36.100421607422724,54.1175",1.0,0.7643608112763612,1,298.2506048531524,49948,47072,0.004,0.0010046920634031,46,88,True
"2, 0","N743, N765","24.131998783442214,55.087500000000006",0.2917136410403764,0.5541563281135441,2,238.08301383339,49974,47111,0.002,0.0016040209846165,163,345,True
0,N262,"79.19687928115698,99.0",1.0,0.7435918681098608,1,246.3474566744709,49994,47119,0.001,0.0008537231663633,1788,3470,True
"0, 0","N240, N934","79.16,107.12919941996249",1.0,0.7445398008958168,1,251.5662977007977,49975,47134,0.002,0.0008756985122385,951,1841,True
"1, 0, 0","N148, N743, M0P2","34.78034670950005,54.1175",0.3735833646603954,0.7114163800474268,1,290.15193099160985,49948,47148,0.003,0.0009774107328027,77,153,True
"0, 0, 0, 0, 0","N56, N651, N955, N980, M0P2","17.27095364279421,49.521546357205786",0.4099988144375459,0.7032089919151169,1,281.2818781892652,49984,47198,0.005,0.0009475309219742,150,252,True
0,N262,"79.16,108.15887597029477",1.0,0.7431864400415376,7,246.3474566744709,49994,47222,0.001,0.0059760621645436,1729,3371,True
"1, 1, 0, 0, 0","N148, N156, N348, N376, M0P2","34.78034670950005,54.1175",0.3171802342660881,0.7091769496320143,1,301.96998903201245,49870,47235,0.005,0.0010172212442478,51,104,True
"1, 1","N863, M0P2","11.731323446702936,17.408175477611714",0.2630109315047602,0.6226269944955305,1,270.16055418162694,49810,47239,0.002,0.0009100674406495,13,39,True
"0, 1, 1, 0, 0","N259, N316, N375, N827, M0P2","22.912499999999998,54.1175",1.0,0.864106099724071,1,305.7080634714642,49978,47242,0.005,0.0010298133854225,86,125,True
"2, 0, 1, 2","N626, N678, N693, N743","12.674999999999997,55.087500000000006",1.0,0.7460057749275444,1,274.92473980538927,49972,47244,0.004,0.0009261161574228,30,45,True
"1, 0, 1, 1, 2","N224, N319, N393, N520, N851","0.8324999999999996,17.1675",1.0,0.9051003806463486,1,266.7257760099346,49950,47256,0.005,0.0008984969884442,18,27,True
"0, 0, 2, 0, 1, 0","N3, N117, N626, N678, N693, N765","12.674999999999997,54.1175",1.0,0.9409983051760996,1,295.49350920190204,49986,47264,0.006,0.0009954044640696,33,39,True
"0, 2, 1, 1","N166, N182, N761, M0P2","4.822500000000001,19.1775",0.2938086470051453,0.5455590337315978,1,270.4676360588458,49902,47269,0.004,0.0009111018818873,51,140,True
"0, 1, 1, 1","N166, N622, N761, M0P2","4.822500000000001,19.1775",1.0,0.7192255370056039,2,294.5570146810728,49992,47269,0.004,0.0019844995453773,83,185,True
"0, 0, 0","N655, N768, N835","79.16,99.0",1.0,0.7774117420640806,1,266.7232125040858,49975,47305,0.003,0.0008984883529748,635,1185,True
"0, 1, 0, 0, 1","N56, N350, N765, N907, M0P2","12.674999999999997,55.087500000000006",1.0,0.7413166375980271,1,260.456093557682,49894,47311,0.005,0.0008773768294325,37,54,True
"0, 0, 1, 1, 1, 1","N105, N558, N617, N761, N952, M0P2","4.822500000000001,17.098197065120953",0.2914987901526482,0.6444689599090742,1,257.8910742021796,49714,47314,0.006,0.0008687362615778,25,63,True
"1, 1, 0","N440, N617, N980","12.674999999999997,47.325",0.363256578058178,0.689407882437906,4,291.8517075757469,49998,47327,0.003,0.0039325465165294,120,198,True
"1, 2, 2, 0, 1","N256, N505, N626, N678, N850","34.78034670950005,54.1175",1.0,0.9268577480709752,1,265.7230100474336,49787,47387,0.005,0.000895119053957,21,31,True
0,N469,"79.16,99.0",1.0,0.7550378589291912,1,245.94879947079815,49994,47398,0.001,0.0008520445120621,1525,2939,True
"2, 0, 2, 0","N626, N678, N743, N765","22.912499999999998,55.087500000000006",1.0,0.8350606783788473,1,280.4549243834566,49972,47527,0.004,0.0009447452313101,32,49,True
"0, 1, 1, 0, 0, 0","N259, N316, N375, N468, N980, M0P2","22.912499999999998,54.1175",1.0,0.9320944256140844,1,326.18503870605883,49978,47534,0.006,0.0010987924726931,28,37,True
"0, 0, 0, 0, 0, 0","N3, N56, N468, N500, N955, M0P2","12.674999999999997,54.1175",1.0,0.8819115961240754,1,328.7329517015317,49984,47629,0.006,0.0011073754157723,34,43,True
"0, 1, 1, 0, 0","N259, N316, N375, N972, M0P2","36.100421607422724,54.1175",0.293489298620407,0.6108552631444265,1,301.5452839380825,49978,47652,0.005,0.0010157905754404,56,136,True
"0, 0","N262, N499","79.16,99.0",1.0,0.7323949199722802,1,247.878236495304,49994,47694,0.002,0.0008601689300591,1423,2856,True
0,N570,"79.16,107.12919941996249",1.0,0.7323211194473109,1,264.46498031659246,49994,47717,0.001,0.0009300119144646,679,1372,True
"0, 1, 1, 0, 0","N259, N316, N375, N638, N827","12.674999999999997,54.1175",0.336585811075188,0.5695571329198394,1,275.8910228819601,49978,47758,0.005,0.0009293711950397,153,254,True
"0, 1, 0, 0, 0, 1","N56, N350, N699, N765, N907, M0P2","22.912499999999998,55.087500000000006",1.0,0.8599254263472209,2,258.8280706288948,49807,47772,0.006,0.0017437852873749,27,38,True
0,N443,"76.02620578932347,101.38923273973316",0.9960624831218656,0.7097631727457577,1,246.46352928916664,49994,47777,0.001,0.0008542119215949,1206,2362,True
"1, 0, 2, 0, 2, 0","N309, N468, N626, N678, N743, N765","22.912499999999998,55.087500000000006",1.0,0.9918634802518332,1,306.284514843545,49492,47824,0.006,0.001031755229325,10,11,True
"0, 0, 1, 1, 1","N105, N558, N622, N761, M0P2","4.822500000000001,17.098197065120953",0.3278742565941172,0.7021106129359649,2,290.9517670929869,49839,47829,0.005,0.0019602101486122,36,86,True
1,N422,"79.16,107.09984789733129",1.0,0.7731418318210947,1,243.0557045629639,49975,47836,0.001,0.0008187615829295,649,1214,True
"1, 1","N440, N617","22.912499999999998,54.1175",0.3421741418241837,0.6098805475499717,1,291.46598603708867,49954,47843,0.002,0.0009818372809926,106,203,True
"0, 0, 0, 0","N3, N468, N685, M0P2","12.674999999999997,54.1175",1.0,0.7194780405411436,1,313.77782029090514,49984,47845,0.004,0.0010569973055827,186,271,True
"0, 1, 0, 0","N468, N902, N955, M0P2","14.451941981000973,52.340558018999026",1.0,0.7333266730497849,1,292.78706261129616,49934,47845,0.004,0.0009862874820238,42,64,True
"0, 0","N642, N664","79.16,99.0",1.0,0.7339467584836159,1,246.53258264637364,49994,47856,0.002,0.0008545026894878,1261,2509,True
"0, 1, 0, 0","N259, N375, N827, M0P2","12.674999999999997,54.1175",0.3792890634417041,0.6747432581410021,1,308.16581375675025,49984,47879,0.004,0.0010380926048617,165,255,True
"0, 0, 0","N261, N684, N685","79.16,99.0",1.0,0.7577943927626694,2,247.27954246259367,49975,47891,0.003,0.001715295932849,1244,2400,True
"0, 0, 2, 0, 2, 0","N119, N172, N481, N678, N743, N907","22.912499999999998,55.087500000000006",0.2714145630187993,0.6968387971872446,1,262.5399161470005,49927,47911,0.006,0.0008843964296712,14,27,True
"1, 1, 0, 0","N316, N375, N638, N827","12.674999999999997,54.1175",0.3312211697241896,0.5216328768584304,1,276.8124371357991,49978,47921,0.004,0.0009324750867766,161,271,True
"0, 0","N167, N806","76.02620578932347,99.0",1.0,0.722141230363326,1,260.6221789778438,49994,47934,0.002,0.0008779363076054,900,1733,True
"1, 0, 0, 0","N156, N468, N743, M0P2","12.674999999999997,54.1175",1.0,0.9196357360857514,1,291.41285622503784,49948,47948,0.004,0.0009816583070036,51,60,True
"0, 2, 0","N678, N743, N907","22.912499999999998,55.087500000000006",0.2908679503730837,0.5380947686743119,1,250.6373015873401,49927,47951,0.003,0.0008443010796962,103,209,True
"0, 0","N768, N835","79.16,99.0",1.0,0.7639142262901722,1,250.62504063204932,49975,47978,0.002,0.0008442597772336,841,1619,True
"1, 0, 1, 0, 0","N148, N259, N375, N827, N972","22.912499999999998,54.1175",0.3171623956113209,0.5498294363811302,1,295.73694894559134,49984,47982,0.005,0.0009962245193333,99,191,True
"0, 0","N262, N604","76.02620578932347,99.0",1.0,0.7385679769217293,1,253.66339934082612,49994,47991,0.002,0.0008544948440895,1173,2213,True
"0, 1, 1, 0, 0","N259, N316, N375, N443, N827","12.674999999999997,54.1175",1.0,0.745801363585644,2,277.47299245931254,49978,47998,0.005,0.0018694004893626,110,165,True
"0, 0, 1, 1, 1, 1, 1","N105, N558, N617, N622, N761, N952, M0P2","3.303678115048478,17.098197065120953",1.0,0.912935321253082,1,314.86420711599646,49714,48014,0.007,0.0010606569267308,14,20,True
1,N261,"79.16,99.0",1.0,0.7361694421724733,1,246.28597601339976,49994,48022,0.001,0.0008296431303131,190,374,True
"1, 0","N148, M0P2","36.100421607422724,55.087500000000006",0.5111883042612526,0.666849149425617,1,286.8012229406317,49984,48035,0.002,0.0009661234806368,156,342,True
"1, 1, 1, 0","N148, N156, N589, M0P2","34.78034670950005,54.1175",1.0,0.8798282555533306,1,298.5012811155525,49870,48035,0.004,0.0010055364957269,42,68,True
"0, 1, 1","N220, N863, M0P2","4.822500000000001,24.31699892431465",1.0,0.892447980948171,1,270.19507745661497,49810,48039,0.003,0.0009101837363412,19,30,True
"0, 1, 1","N283, N863, M0P2","4.822500000000001,24.31699892431465",1.0,0.9682543838286164,3,276.0365659295129,49810,48039,0.003,0.00278958442148,16,19,True
"1, 0, 0","N375, N827, M0P2","12.674999999999997,54.1175",0.4013434307898582,0.6692105545057889,4,304.43171689098153,49984,48042,0.003,0.0041020554504379,179,275,True
"1, 1, 1","N622, N761, M0P2","3.303678115048478,17.098197065120953",0.3442233763993957,0.5197319864753923,1,287.11715360955884,49992,48069,0.003,0.0009671877300649,70,211,True
"1, 0, 1, 1, 0, 0","N148, N307, N316, N375, N376, M0P2","22.912499999999998,54.1175",1.0,0.9285111441662532,1,327.03380506794235,49978,48079,0.006,0.0011016516415048,48,58,True
"0, 0","N261, N684","76.02620578932347,99.0",1.0,0.7437861127538344,1,247.27959005017505,49975,48097,0.002,0.0008576481668049,1205,2267,True
"0, 0, 1, 1, 1, 1","N105, N189, N617, N622, N952, M0P2","4.822500000000001,17.098197065120953",1.0,0.8298515484756834,1,288.2180906840789,49969,48114,0.006,0.0009708963654309,21,37,True
"0, 0, 0, 0, 0","N468, N651, N955, N980, M0P2","12.674999999999997,54.1175",1.0,0.7912214647805134,2,316.2517622990723,49984,48125,0.005,0.0021306621374705,64,87,True
"0, 0","N499, N811","79.16,99.0",1.0,0.7327757176253948,1,247.79841067032564,49994,48153,0.002,0.0008598328017684,1173,2347,True
"0, 1, 0, 0","N259, N316, N827, M0P2","22.912499999999998,54.1175",1.0,0.7564657322247923,1,270.7285553137525,49978,48158,0.004,0.0009119808189299,117,198,True
"0, 1, 0, 0","N3, N14, N468, M0P2","12.674999999999997,54.1175",1.0,0.8623611237614862,1,322.1621885840713,49984,48165,0.004,0.0010852410313078,80,101,True
0,N499,"79.16,99.0",1.0,0.7295282969946804,3,247.76779865994476,49994,48172,0.001,0.0025791117047835,1274,2565,True
"0, 0, 1, 1, 0, 0","N259, N307, N316, N525, N827, M0P2","22.912499999999998,54.1175",1.0,0.7793598382696818,2,284.2640802497721,49870,48187,0.006,0.0019151536371781,45,72,True
"1, 2, 0","N440, N771, N946","22.912499999999998,40.56334927293654",1.0,0.9217678357113168,3,309.9369122087182,49878,48201,0.003,0.0031321762717474,16,23,True
0,N262,"79.16,99.0",1.0,0.7431864400415376,4,246.3474566744709,49994,48211,0.001,0.0034148926654534,1235,2440,True
"0, 1, 1, 1","N166, N622, N820, M0P2","4.822500000000001,21.81584670589642",1.0,0.7681266410023088,2,273.6348095890843,49913,48212,0.004,0.0018435417530861,43,85,True
"0, 0, 0, 0, 1, 1","N105, N166, N390, N601, N761, M0P2","4.822500000000001,17.098197065120953",0.2983617860617577,0.6590359428314051,1,259.878489356678,49913,48239,0.006,0.0008754311020908,24,58,True
"2, 2, 1","N409, N581, N761","42.15,71.85",0.2326648555503203,0.5740358047469448,2,301.98375449691804,49880,48280,0.003,0.0020345352296544,6,12,True
0,N914,"79.16,101.38923273973316",1.0,0.7447970752986792,1,245.821818276908,49975,48309,0.001,0.0008515098232986,1076,2134,True
"0, 1, 0, 0, 0, 1, 1","N3, N97, N257, N581, N728, N825, N873","45.4275,80.57249999999999",0.2506037595189024,0.6268684252952524,1,235.0651500544,49940,48340,0.007,0.0007918444650216,9,16,True
0,N167,"76.02620578932347,99.0",1.0,0.7367833991937375,1,246.8499263056136,49994,48357,0.001,0.000855838951052,1121,2135,True
"1, 1","N440, N617","12.674999999999997,54.1175",0.3359640760262787,0.5997959888916694,1,291.4659860371019,49998,48369,0.002,0.0009818372809927,101,164,True
"1, 1, 1","N622, N761, M0P2","5.945894616735394,19.1775",0.3598974473969227,0.5615265869509687,1,287.1171536095716,49992,48369,0.003,0.000967187730065,64,185,True
"0, 0","N262, N664","76.02620578932347,99.0",1.0,0.7392868439791099,2,246.34772590453304,49994,48391,0.002,0.0017074486000591,1171,2228,True
"0, 1, 1, 0","N189, N440, N617, N980","12.674999999999997,47.325",1.0,0.8670820445499903,1,288.4488911151592,49998,48398,0.004,0.000971673843691,47,66,True
"0, 1, 1, 1, 1","N105, N622, N761, N952, M0P2","4.822500000000001,17.098197065120953",1.0,0.9048928568834138,1,311.27143375732857,49969,48402,0.005,0.0010485542492498,25,41,True
0,N664,"79.16,103.3716908511095",1.0,0.7459208544523116,2,246.2588658053041,49994,48436,0.001,0.0017067002609527,1166,2316,True
"1, 2, 0","N256, N505, N678","22.912499999999998,54.1175",0.2493433804310474,0.5059564504323858,1,278.8589010469279,49986,48443,0.003,0.0009393688399362,59,126,True
0,N337,"79.16,103.3716908511095",1.0,0.7287064586542653,1,238.34151378798703,49994,48458,0.001,0.0008200119720387,511,1054,True
"1, 1, 1, 1","N622, N761, N820, M0P2","5.945894616735394,19.1775",1.0,0.8620752932829551,1,283.3003148251969,49913,48485,0.004,0.0009543302619776,28,50,True
0,N509,"79.16,99.0",1.0,0.7421864037709012,1,249.01668965119117,49940,48494,0.001,0.0008649626959043,850,1715,True
"1, 1, 0, 0","N316, N375, N827, M0P2","12.674999999999997,54.1175",1.0,0.8503108186383148,2,310.2853789746704,49978,48494,0.004,0.0020904652166548,69,92,True
"0, 0, 0, 0, 0","N3, N56, N642, N955, M0P2","12.674999999999997,54.1175",1.0,0.7952200667165038,1,279.6460846463818,49984,48507,0.005,0.0009420205600063,93,130,True
"1, 0, 0, 0, 0, 0","N20, N56, N651, N955, N980, M0P2","12.674999999999997,54.1175",1.0,0.8398409674420133,1,282.17272965065183,49984,48507,0.006,0.0009505318593684,72,97,True
"1, 1, 0, 0, 1, 0","N94, N148, N307, N376, N525, M0P2","36.100421607422724,54.1175",1.0,0.9314337013392506,1,318.9054434084876,49948,48508,0.006,0.0010742703040831,29,43,True
1,N422,"76.02620578932347,99.0",1.0,0.7605798011270019,1,243.0557045629639,49975,48511,0.001,0.0008187615829295,499,930,True
"1, 0, 0, 0, 0","N20, N56, N955, N980, M0P2","36.100421607422724,54.1175",0.3335405713290995,0.6927702040396526,1,277.66249307186746,49984,48521,0.005,0.0009353385996698,43,101,True
"0, 1, 1, 1","N105, N622, N952, M0P2","4.822500000000001,17.098197065120953",0.2889825909356577,0.5729906062721848,1,265.9131029584537,49969,48530,0.004,0.0008957594041722,27,79,True
"0, 1, 2, 0","N3, N256, N505, M0P2","36.16132582768163,54.056595779741095",1.0,0.804601429303767,1,281.9953939419477,49978,48552,0.004,0.000949934483282,27,52,True
"0, 0, 0, 0","N172, N468, N765, M0P2","12.674999999999997,54.1175",1.0,0.7280011608494702,1,295.89807092964105,49984,48556,0.004,0.0009967672775909,40,57,True
"1, 1, 0, 0","N20, N440, N687, N955","4.822500000000001,47.325",0.3235361125407093,0.6953186856958855,1,258.6822093680851,49910,48557,0.004,0.0008714012929619,45,66,True
"0, 1, 0, 0, 0, 1","N56, N350, N699, N765, N907, M0P2","25.753340964662293,46.7978265589137",0.2904683276500622,0.7043869286190384,1,258.8280706288948,49807,48572,0.006,0.0008718926436874,15,28,True
"0, 0","N262, N863","76.02620578932347,99.0",1.0,0.7357773925469863,1,246.3475421678322,49994,48574,0.002,0.0008537235263563,1069,2052,True
"2, 0, 0","N157, N980, M0P2","12.674999999999997,54.1175",1.0,0.7696401951208435,2,288.96455531653487,49984,48579,0.003,0.0019468218377916,42,59,True
"1, 1, 0, 0","N316, N375, N827, M0P2","22.912499999999998,54.1175",1.0,0.8620082248773642,3,310.2854189852,49978,48601,0.004,0.0031356982293227,59,88,True
"0, 0, 1, 1, 0, 0","N259, N307, N316, N525, N827, M0P2","12.674999999999997,54.1175",0.2603954029445656,0.5745496427389344,1,284.2640802497721,49870,48601,0.006,0.000957576818589,36,58,True
"2, 2, 0, 1","N505, N626, N678, N850","34.78034670950005,54.1175",1.0,0.8016380693308724,1,253.87482409862167,49787,48603,0.004,0.0008552070531268,13,25,True
"1, 2, 0","N340, N626, N765","34.78034670950005,55.087500000000006",0.2933632266119848,0.705799680719593,1,270.1624376140427,49972,48603,0.003,0.000910073785212,20,45,True
"0, 0, 0","N46, N234, N863","76.02620578932347,99.0",1.0,0.7358761428583203,1,252.2061088148032,49994,48613,0.003,0.000849585790422,669,1282,True
"0, 0, 1, 1, 1","N105, N558, N622, N952, M0P2","4.822500000000001,17.098197065120953",0.2779389048213301,0.6069081211747959,1,288.6803466447051,49714,48629,0.005,0.000972453528727,15,40,True
"0, 2, 0, 1, 0, 0","N9, N157, N189, N617, N972, M0P2","12.674999999999997,54.1175",1.0,0.9927888390385036,1,276.81077873863086,49878,48687,0.006,0.0009324695002717,11,11,True
"1, 0, 2, 0, 0","N309, N468, N626, N678, N765","22.912499999999998,55.087500000000006",1.0,0.909484988605895,1,287.3237219532584,49986,48692,0.005,0.0009678835797031,24,33,True
"0, 0","N51, N262","76.02620578932347,104.941802117446",1.0,0.7228995236011386,1,246.3219849967946,49994,48704,0.002,0.0008536159109547,888,1728,True
"2, 1, 0","N743, N897, N952","24.131998783442214,55.087500000000006",0.3467062344063665,0.7130849933459881,1,264.87327598136534,49934,48711,0.003,0.0008922566253205,53,94,True
"0, 1, 0, 1","N56, N350, N907, M0P2","12.674999999999997,55.087500000000006",0.2547130980033416,0.5879957243216619,1,257.7766475930521,49954,48718,0.004,0.0008683508021548,32,54,True
"0, 0, 0, 1, 1","N46, N390, N546, N863, M0P2","5.2074304770778195,24.31699892431465",1.0,0.8589846951267532,1,269.79416998014653,49810,48723,0.005,0.0009088332325929,12,20,True
"0, 1, 0, 0, 0, 0","N3, N20, N56, N651, N955, M0P2","4.822500000000001,54.1175",1.0,0.823127514353569,1,285.3592358456082,49984,48740,0.006,0.0009612659783675,64,85,True
"0, 0, 2, 0, 0, 0","N172, N468, N481, N765, N980, M0P2","12.674999999999997,54.1175",1.0,0.9719323644301252,1,305.303579580497,49765,48749,0.006,0.0010284508341035,16,16,True
"1, 0, 0","N316, N827, M0P2","22.912499999999998,54.1175",1.0,0.7662432679988878,1,271.4324475459336,49978,48773,0.003,0.0009143519622827,104,174,True
"0, 1, 0, 1, 1","N3, N148, N259, N316, N375","34.78034670950005,54.1175",1.0,0.8074236352882505,1,291.4492950967914,49978,48782,0.005,0.0009817810556071,28,49,True
"0, 0, 1, 0, 1","N56, N96, N350, N765, M0P2","12.674999999999997,55.087500000000006",0.2570647959277276,0.6345686884319917,1,246.58140782328772,49894,48790,0.005,0.0008306383269358,18,28,True
"2, 0","N31, N811","79.16,99.0",0.5976214353510805,0.7163229530691888,1,246.22700718139416,49611,48811,0.002,0.000829444486902,130,272,True
"0, 1, 0","N189, N440, N955","24.21533363829125,47.325",0.2978293616886546,0.6395943568789716,1,256.6972179904803,49954,48828,0.003,0.0008647146172249,31,71,True
"1, 1, 1, 1","N148, N156, N525, N759","36.100421607422724,54.1175",0.2976817063255461,0.6002903644618326,1,280.34573094384206,49948,48835,0.004,0.0009443774004311,28,63,True
"0, 1, 1, 2, 0","N11, N170, N427, N907, N946","34.78034670950005,55.365",1.0,0.9948666355106128,1,232.81908406886137,49722,48860,0.005,0.0007842783289172,5,5,True
"2, 1, 0","N626, N693, N765","22.912499999999998,55.087500000000006",1.0,0.735793078176176,1,286.4056702367958,49986,48864,0.003,0.0009647910150668,38,64,True
1,N422,"79.19687928115698,99.0",1.0,0.7735002712024481,1,243.0557045629639,49975,48865,0.001,0.0008187615829295,417,795,True
"0, 0, 1, 1, 1","N166, N450, N761, N820, M0P2","4.822500000000001,19.1775",0.3273175581089522,0.6255986823631415,1,276.1463499709524,49913,48869,0.005,0.000930231294217,30,76,True
"1, 0, 0, 0","N617, N955, N980, M0P2","12.674999999999997,54.1175",1.0,0.776352673349248,2,282.8485480695533,49889,48904,0.004,0.001905616865592,63,88,True
"1, 1, 0","N309, N340, N765","34.78034670950005,55.087500000000006",0.3161631232653032,0.6730452264718364,1,263.7673063917578,49984,48909,0.003,0.0008885310373385,28,60,True
"0, 1, 2, 0","N3, N256, N505, N765","34.78034670950005,54.1175",0.3317367682202126,0.6418065473926845,1,275.12170996664526,49986,48911,0.004,0.0009267796744603,38,85,True
"0, 1, 0, 0","N259, N316, N443, N827","31.826471513168382,54.1175",0.4165914782557184,0.5165429401917823,2,251.6608292425124,49978,48939,0.004,0.0016954979047496,121,308,True
"0, 0, 0, 0","N651, N955, N980, M0P2","36.16132582768163,54.056595779741095",0.4568107368026082,0.6147382537767343,1,287.82798602561826,49984,48949,0.004,0.0009695822522393,80,192,True
"0, 0","N337, N762","76.02620578932347,107.09984789733129",1.0,0.7371399538703851,1,239.65546184196063,49940,48956,0.002,0.0008255447067594,316,622,True
"0, 1, 0","N259, N375, M0P2","22.912499999999998,54.1175",0.3813560055616602,0.5530068287424619,1,300.1640027686325,49984,48958,0.003,0.0010111375681851,112,221,True
"0, 0","N261, N685","79.16,99.0",1.0,0.7462977429503067,2,247.27954260052175,49975,48976,0.002,0.0017152959340106,771,1551,True
"0, 0, 0, 0","N3, N651, N955, M0P2","12.674999999999997,54.1175",1.0,0.7334079316999288,1,287.45481412695875,49984,49001,0.004,0.0009683251790305,120,180,True
"0, 1, 0, 0, 1","N56, N350, N699, N765, M0P2","12.674999999999997,55.087500000000006",0.2527114418400178,0.5815017762453792,1,249.61759044138088,49838,49007,0.005,0.0008408660633756,17,28,True
"0, 1, 1, 1, 0","N119, N148, N316, N375, N972","34.78034670950005,54.15142720444153",1.0,0.7698595479088115,1,286.05689446362663,49974,49032,0.005,0.0009636161230615,36,74,True
"0, 1, 1, 1","N3, N148, N316, N375","38.794278593303346,54.1175",1.0,0.8222016329258646,1,293.8329752967343,49978,49032,0.004,0.0009898107612962,28,52,True
"2, 0","N481, N765","34.78034670950005,55.365",0.2966994428895626,0.5039810282889607,1,256.9186112822293,49927,49046,0.002,0.0008654604064354,47,120,True
"0, 0, 0, 0, 0","N3, N307, N376, N468, M0P2","12.674999999999997,54.1175",1.0,0.7389549687368474,1,319.79582052714,49984,49056,0.005,0.0010772696435982,80,111,True
"1, 0, 0, 0","N265, N955, N980, M0P2","12.674999999999997,54.1175",0.2950758467593395,0.5660865016810979,1,296.91481512996216,49984,49058,0.004,0.0010001922994079,52,83,True
"0, 2, 0, 1, 1, 0","N9, N157, N189, N197, N617, M0P2","12.674999999999997,54.1175",1.0,0.997589641595612,1,272.4213607649303,49878,49078,0.006,0.0009176832321824,4,4,True
"2, 0, 0","N157, N259, M0P2","23.99603979853178,54.1175",0.3145080210371326,0.694701357007569,1,284.2793650414666,49984,49089,0.003,0.0009576283071985,27,47,True
0,N684,"76.02620578932347,99.0",1.0,0.7412651921836995,2,246.25910646566655,49994,49090,0.001,0.0017067022876842,854,1660,True
"0, 1, 0, 1","N56, N350, N907, M0P2","34.78034670950005,55.087500000000006",0.2567238967853877,0.5722454859845685,1,257.86255014337326,49894,49094,0.004,0.0008686401749478,16,43,True
"0, 2, 1, 1, 1","N105, N182, N622, N761, M0P2","4.822500000000001,19.1775",1.0,0.8880175685804024,1,293.6183148175811,49902,49102,0.005,0.0009890876523529,14,22,True
"2, 1, 2","N626, N693, N743","12.674999999999997,55.087500000000006",0.2690774526688238,0.6563762043414167,2,269.6162738010262,49972,49127,0.003,0.0018164679369927,17,27,True
"1, 0, 1, 0, 0","N316, N357, N375, N638, N827","22.912499999999998,54.1175",1.0,0.751063969757344,1,285.08938195883974,49978,49134,0.005,0.0009603569439719,33,57,True
"1, 0, 1, 0, 1, 2","N224, N319, N520, N650, N790, N851","0.8324999999999996,20.5825",1.0,0.9582772997943454,1,244.6327717499436,49947,49147,0.006,0.0008240741182955,9,11,True
"0, 0, 0","N307, N376, M0P2","36.100421607422724,54.1175",0.6489787949709437,0.5589067217288369,2,260.13413475054483,49984,49148,0.003,0.0017525845470308,143,379,True
"1, 1, 0","N525, N759, M0P2","36.100421607422724,54.1175",1.0,0.7692401493403594,1,252.0625162067422,49948,49148,0.003,0.0008491020819187,53,106,True
"0, 0","N262, N330","79.19687928115698,99.0",1.0,0.7245959147167166,1,239.81638985758963,49994,49175,0.002,0.0008262223378247,555,1159,True
"1, 1, 0, 0","N316, N375, N638, M0P2","12.674999999999997,54.1175",0.3425286779326365,0.6799444304911969,1,310.1281444781019,49978,49178,0.004,0.0010447029455263,55,86,True
"0, 1, 2, 2, 0, 0","N3, N256, N505, N626, N678, N765","22.912499999999998,55.087500000000006",1.0,0.917861721287717,1,280.64114140594734,49986,49186,0.006,0.0009453725251413,13,18,True
0,N82,"79.16,106.63881304693086",1.0,0.7421238768262604,1,246.26092823426688,49994,49194,0.001,0.000853358814893,772,1581,True
"0, 0, 0, 1, 1, 1","N105, N166, N220, N622, N761, M0P2","5.945894616735394,17.098197065120953",1.0,0.8852907705077294,1,315.9127454818575,49969,49202,0.006,0.001064189050915,26,44,True
"1, 0, 1, 1, 0, 0","N375, N376, N525, N759, N827, M0P2","36.100421607422724,54.1175",1.0,0.8968131263468979,1,306.40708303079424,49856,49213,0.006,0.0010321681146065,13,23,True
"0, 0, 1, 0, 0, 0","N3, N259, N316, N678, N765, N827","31.826471513168382,54.1175",0.2784100779555585,0.5497648944437786,1,244.330168736886,49910,49243,0.006,0.0008230547646358,34,87,True
"0, 0, 0, 1","N283, N390, N546, N863","4.822500000000001,24.31699892431465",0.2733316460174692,0.6448411935794242,1,279.5670467557828,49810,49254,0.004,0.0009417543116229,9,21,True
"0, 1","N283, N863","4.822500000000001,24.31699892431465",0.2733316460174692,0.6448411935794242,1,279.5670467557828,49810,49254,0.002,0.0009417543116229,9,21,True
"0, 0, 0, 0","N468, N651, N761, M0P2","12.674999999999997,54.1175",0.3107609670183774,0.6533270507309423,1,301.5033558490658,49948,49295,0.004,0.0010156493357662,34,53,True
"1, 1, 0","N440, N617, N980","14.073908836738342,47.325",0.3757827579169123,0.7104895463710097,1,291.8523904619634,49998,49300,0.003,0.0009831389295144,49,82,True
"0, 0, 2, 0, 0, 0","N3, N56, N157, N651, N980, M0P2","4.822500000000001,54.1175",1.0,0.8458993495697739,1,291.9128078794742,49984,49307,0.006,0.0009833424526553,17,21,True
"0, 0, 0","N391, N664, N762","76.02620578932347,107.09984789733129",1.0,0.7300048792968006,1,247.139171794397,49957,49317,0.003,0.0008570568976472,506,1021,True
0,M0P2,"36.100421607422724,54.1175",0.7280812755159748,0.5008152961671931,3,245.93366584836969,49984,49321,0.001,0.0025559423635186,177,508,True
"1, 1, 1","N622, N820, M0P2","6.721944621236221,21.81584670589642",0.2925167402011797,0.5255700995028927,1,267.1976181498464,49913,49345,0.003,0.0009000864439069,27,77,True
0,N262,"79.16,103.3716908511095",1.0,0.7431864400415376,1,246.3474566744709,49994,49362,0.001,0.0008537231663633,654,1354,True
"2, 0, 0, 0, 0, 0","N157, N238, N259, N961, N980, M0P2","12.674999999999997,54.1175",1.0,0.897161802847198,1,296.9634989054707,49984,49379,0.006,0.0010003562964026,17,21,True
0,N687,"76.02620578932347,99.0",1.0,0.7449893138231307,1,248.57828603704849,49994,49380,0.001,0.0008631166785596,542,1045,True
"0, 0","N167, N452","79.16,99.0",1.0,0.7411117878922133,1,250.82549915271403,49975,49380,0.002,0.0008725791789927,374,797,True
"0, 1, 0, 0","N189, N440, N687, N955","4.822500000000001,47.325",1.0,0.8406778047853722,1,274.68963635637203,49954,49388,0.004,0.0009253241839433,21,30,True
"2, 0, 0","N626, N678, N765","34.78034670950005,54.1175",0.301581866997992,0.5320124325943827,1,280.0072861980684,49986,49403,0.003,0.0009432373097005,40,106,True
0,N261,"79.53021211798787,99.0",1.0,0.7446172659498256,1,247.27959016050667,49975,49404,0.001,0.0008576481672695,577,1205,True
"0, 1, 1, 1","N166, N761, N820, M0P2","4.822500000000001,19.1775",0.3273175581089522,0.6255986823631415,1,276.4741393262785,49913,49422,0.004,0.000931335491018,22,52,True
"1, 1, 1","N622, N820, M0P2","4.822500000000001,21.81584670589642",0.2997574901188328,0.5399293073552274,1,267.1866212987764,49913,49429,0.003,0.0009000493997273,26,73,True
"0, 0, 1, 1, 1","N105, N166, N622, N761, M0P2","5.945894616735394,17.098197065120953",1.0,0.8306270630353679,1,303.54198540383106,49969,49429,0.005,0.0010225166979796,22,44,True
"0, 0","N238, N286","76.02620578932347,99.0",1.0,0.753857070604756,1,245.59628321401084,49994,49440,0.002,0.0008505601467345,381,746,True
"1, 1, 0, 0","N148, N156, N468, M0P2","34.78034670950005,54.1175",1.0,0.9352291111587284,1,316.3600192541842,49948,49466,0.004,0.0010656957449566,19,27,True
"0, 1, 0, 1, 0, 0","N259, N316, N357, N375, N638, N827","6.721944621236221,54.1175",1.0,0.8057820042133184,1,283.1701624434539,49978,49470,0.006,0.0009538918284494,30,40,True
"0, 1, 1, 0","N259, N316, N375, M0P2","12.674999999999997,54.1175",0.3413783519143991,0.7167440002155315,1,305.58200724853765,49978,49479,0.004,0.0010293887502846,39,60,True
"1, 2, 0, 2, 0","N309, N626, N678, N743, N765","22.912499999999998,55.087500000000006",1.0,0.9529014315457917,1,306.2220894998688,49927,49492,0.005,0.0010315449422499,7,9,True
"0, 0, 0, 0","N651, N955, N980, M0P2","12.674999999999997,54.1175",0.4167859929632101,0.6023667692089876,1,287.8279880935825,49984,49513,0.004,0.0009695822592054,86,139,True
"1, 0, 0, 0, 1","N350, N699, N765, N907, M0P2","22.912499999999998,55.087500000000006",1.0,0.745310327764622,2,259.4476853031158,49807,49518,0.005,0.0017479597764484,13,21,True
"0, 0, 1, 1","N46, N220, N863, M0P2","4.822500000000001,24.31699892431465",1.0,0.8578970482478112,1,269.2138468207687,49810,49523,0.004,0.0009068783461218,7,12,True
"0, 1, 1","N390, N863, M0P2","5.2074304770778195,24.31699892431465",1.0,0.8933711432422288,1,270.65933598411726,49810,49523,0.003,0.0009117476455181,9,14,True
0,N863,"79.16,99.0",1.0,0.7436151020137042,1,246.2591600285165,49994,49534,0.001,0.000853351369383,595,1234,True
"1, 1, 0, 0","N148, N156, N743, M0P2","12.674999999999997,54.1175",1.0,0.8579192019643858,1,289.6899093040189,49948,49548,0.004,0.0009758543586828,15,18,True
"0, 1, 1, 1, 0","N3, N265, N440, N617, N651","12.674999999999997,54.1175",1.0,0.9009849903100742,1,287.32620121754434,49849,49560,0.005,0.000967891931395,31,41,True
"1, 1, 0","N316, N897, N952","24.131998783442214,55.087500000000006",0.4222201015869615,0.6502556890348767,1,255.31248049503543,49951,49564,0.003,0.0008914728311342,64,124,True
"1, 1","N863, M0P2","4.822500000000001,24.31699892431465",1.0,0.892447980948171,2,270.19507745661497,49810,49571,0.002,0.0018203674726824,8,13,True
0,N768,"78.98156580913951,99.0",1.0,0.7685586393957275,1,246.7838782988717,49994,49572,0.001,0.0008555608380025,581,1168,True
"1, 0, 0","N316, N827, M0P2","12.674999999999997,54.1175",0.37888359204265,0.6898851780513258,1,271.4334356468488,49998,49573,0.003,0.0009143552908163,68,109,True
"0, 1, 1, 0","N259, N316, N375, N827","12.674999999999997,54.1175",0.336585811075188,0.5695571329198394,1,275.8992806802626,49978,49573,0.004,0.0009293990123996,61,102,True
"1, 0, 0, 1","N350, N699, N765, M0P2","22.912499999999998,55.087500000000006",0.305323549910996,0.693124525809315,2,249.96651859399407,49838,49590,0.004,0.0016840829373778,14,24,True
"1, 1, 1, 1","N185, N761, N952, M0P2","4.822500000000001,19.1775",0.299969033799886,0.6220655367643174,1,277.41228688484017,49992,49591,0.004,0.00093449575085,15,37,True
"0, 0","N337, N570","76.02620578932347,107.09984789733129",0.6520536887462206,0.6977788733313309,1,263.48116969777163,49994,49611,0.002,0.0009258693129722,98,219,True
"0, 0, 1, 0, 0","N9, N189, N617, N972, M0P2","12.674999999999997,54.1175",1.0,0.8029050972126452,1,265.8621853140017,49998,49617,0.005,0.0008955878821285,26,37,True
0,N835,"79.19687928115698,99.0",1.0,0.7566065490648738,1,249.26642440341016,49975,49634,0.001,0.0008396831194836,329,696,True
"1, 1, 0","N316, N375, M0P2","12.674999999999997,54.1175",0.3425286779326365,0.6799444304911969,1,309.9612934635123,49978,49642,0.003,0.0010441408883589,39,60,True
"0, 1, 2","N678, N693, N743","12.674999999999997,55.087500000000006",0.2466169033044066,0.5282476169769456,1,263.1385133893694,49978,49644,0.003,0.0008864128745293,28,50,True
"0, 1, 1, 2, 0","N11, N300, N427, N907, N946","34.78034670950005,55.365",0.2710998843240496,0.6956516240553182,1,238.915542086514,49722,49660,0.005,0.0008048149611504,3,6,True
"0, 2, 0, 1, 0","N3, N626, N678, N693, N765","12.674999999999997,54.1175",1.0,0.9584814627051684,1,296.8748073615217,49986,49664,0.005,0.0010000575285583,14,17,True
"0, 1, 1, 1, 1","N166, N365, N761, N820, M0P2","4.822500000000001,19.1775",1.0,0.8028690178501473,1,287.9393316572919,49913,49669,0.005,0.0009699573330291,12,25,True
"1, 1, 1, 0","N148, N316, N375, N827","36.100421607422724,55.087500000000006",1.0,0.8680891308808171,1,295.2621622214115,49978,49688,0.004,0.0009946251446939,19,34,True
0,N762,"76.02620578932347,107.09984789733129",1.0,0.7230976079488476,2,247.0137582903425,49957,49690,0.001,0.001713057620134,397,821,True
"0, 0, 1, 1","N105, N166, N622, M0P2","4.822500000000001,17.098197065120953",0.3030774408909286,0.5085045786107153,1,287.2929192026356,49969,49696,0.004,0.0009677798170331,21,66,True
"0, 0, 0, 0","N3, N651, N955, M0P2","15.242493618320053,54.1175",1.0,0.7505535230087771,1,287.45481412695875,49984,49704,0.004,0.0009683251790305,69,109,True
0,N934,"79.53021211798787,99.0",1.0,0.7421921905846763,1,247.9151236948072,49994,49707,0.001,0.0008603242536191,310,659,True
"1, 0, 0, 0","N350, N699, N765, N907","22.912499999999998,55.087500000000006",0.2842049439759957,0.6297341110866818,1,245.5585185939941,49807,49711,0.004,0.0008271926048696,12,21,True
1,N990,"76.02620578932347,99.0",1.0,0.7412276926198743,1,243.33636268643045,49870,49724,0.001,0.0008197070126607,148,302,True
"0, 0, 1, 0","N3, N468, N525, M0P2","12.674999999999997,54.1175",1.0,0.7441233005688078,1,313.68065640444945,49984,49733,0.004,0.0010566699976612,37,51,True
"0, 1, 1, 1, 1, 0","N9, N20, N373, N440, N617, N687","12.674999999999997,45.77576682976038",1.0,0.94913446291024,1,279.40579188552755,49998,49743,0.006,0.0009412111057225,9,10,True
"1, 0, 0, 0","N316, N638, N827, M0P2","12.674999999999997,54.1175",0.3794126834885096,0.7005128088484912,1,271.6104341054246,49998,49758,0.004,0.0009149515308361,57,91,True
"0, 0, 0","N286, N553, N819","79.16,99.0",1.0,0.7544831968437932,1,239.54705815637655,49994,49767,0.003,0.0008250882436342,302,652,True
"1, 2, 2, 0","N256, N505, N626, N678","22.912499999999998,54.1175",1.0,0.8939840306146238,1,278.1560873154288,49986,49787,0.004,0.0009370013296391,13,19,True
"0, 0, 1, 0, 0","N259, N307, N316, N827, M0P2","34.78034670950005,54.1175",1.0,0.7290288653169814,1,285.0343379983913,49978,49787,0.005,0.00096017152195,31,66,True
"0, 0","N286, N553","79.16,99.0",1.0,0.7472940348172651,1,238.27892119893505,49994,49791,0.002,0.0008197484089628,312,686,True
"0, 0, 0, 1, 0, 0","N3, N376, N468, N525, N980, M0P2","36.100421607422724,54.1175",1.0,0.8452788956480385,1,313.9827080020119,49984,49806,0.006,0.0010576874938133,23,38,True
"1, 0, 0, 0, 1","N350, N699, N765, N907, M0P2","12.674999999999997,55.087500000000006",0.2492783022549069,0.5703946704009247,1,258.8280706288948,49807,49807,0.005,0.0008718926436874,8,13,True
0,N811,"79.16,99.0",1.0,0.7439684696962762,1,246.283596174156,49994,49808,0.001,0.0008534542644031,416,903,True
"0, 0, 1, 1","N46, N390, N863, M0P2","5.2074304770778195,24.31699892431465",1.0,0.8589846951267532,1,269.79416998014653,49810,49810,0.004,0.0009088332325929,5,9,True
"2, 0, 2, 0","N13, N261, N497, N844","22.912499999999998,55.087500000000006",1.0,0.99076589025929,1,248.68427450173868,49813,49813,0.004,0.0008377220794173,2,2,True
"0, 0, 1","N748, N857, N921","79.16,99.0",1.0,0.7301908748255351,1,242.169885241714,49994,49822,0.003,0.0008361323685808,175,386,True
"0, 1, 1, 1, 1","N9, N20, N373, N440, N617","12.674999999999997,45.77576682976038",1.0,0.9606168393268504,1,279.40579188552755,49998,49824,0.005,0.0009412111057225,8,9,True
"0, 1, 1, 1","N105, N622, N761, M0P2","5.945894616735394,17.098197065120953",1.0,0.7271716380253547,2,302.43358832306484,49969,49839,0.004,0.0020375658654193,18,42,True
"0, 0, 0, 1, 1","N105, N166, N220, N622, M0P2","5.945894616735394,17.098197065120953",0.3433002308304198,0.602752522415971,1,295.9729829650204,49969,49839,0.005,0.0009970196275482,18,49,True
"1, 1, 0, 0","N265, N617, N980, M0P2","12.674999999999997,54.1175",0.2685783334272119,0.5548197809822701,1,291.19000104501094,49889,49858,0.004,0.0009809075932514,30,48,True
0,N509,"76.02620578932347,99.0",1.0,0.7252264207722257,1,249.01668965145123,49940,49861,0.001,0.0008649626959054,327,696,True
"0, 1, 1, 1, 0, 0","N9, N373, N440, N617, N687, N955","12.674999999999997,45.77576682976038",1.0,0.9087637297332124,1,296.1572398569095,49878,49878,0.006,0.00099764031845,3,5,True
"0, 0, 1, 0, 0, 0","N238, N468, N902, N955, N980, M0P2","12.674999999999997,54.1175",1.0,0.9087686710687144,1,290.0722586396817,49934,49889,0.006,0.000977142347162,10,13,True
"0, 1, 2, 2, 0","N3, N256, N505, N626, N765","22.912499999999998,55.087500000000006",1.0,0.7217059357627386,2,280.64114140594734,49986,49894,0.005,0.0018907450502827,11,18,True
"1, 1, 0","N440, N617, N980","6.721944621236221,47.325",0.3729852781564299,0.708641499583236,1,292.950384923303,49998,49910,0.003,0.0009868376523436,35,52,True
"0, 0, 0, 0","N262, N655, N664, N768","79.16,99.0",1.0,0.7697290677091297,1,254.6757738156112,49975,49929,0.004,0.0008887918049388,215,465,True
"0, 1, 0, 0, 0","N238, N902, N955, N980, M0P2","12.674999999999997,54.1175",0.2978660431444371,0.5522189521865918,1,274.35615771105086,49934,49934,0.005,0.0009242008221032,27,45,True
"2, 0, 1, 1, 2, 0, 0","N30, N179, N227, N381, N623, N907, M1P4","10.565,23.435000000000002",1.0,1.00000000000145,1,203.0,49938,49938,0.007,0.000683829254835,1,2,True
0,N261,"76.02620578932347,99.0",1.0,0.7308558065722064,1,247.2798175998402,49975,49940,0.001,0.0008576491249645,341,741,True
"1, 0, 0, 0","N148, N468, N743, M0P2","12.674999999999997,54.1175",1.0,0.7348306010155703,1,291.41285622503784,49948,49948,0.004,0.0009816583070036,8,11,True
"1, 0, 1, 0, 0, 0, 0","N148, N259, N316, N357, N638, N827, N972","6.721944621236221,54.1175",1.0,0.7544106279641937,1,283.1701624434539,49978,49974,0.007,0.0009538918284494,14,20,True
"0, 2","N262, N742","76.02620578932347,99.0",1.0,0.7825326522368597,1,244.9797155988444,49975,49975,0.002,0.0008252428392495,16,37,True
"1, 0, 1, 1, 0","N148, N307, N316, N375, N376","22.912499999999998,54.1175",1.0,0.9093585499283888,1,319.62704405435386,49978,49978,0.005,0.0010767011002996,17,25,True
"0, 2, 0, 0, 0","N56, N157, N651, N980, M0P2","23.55854416359131,72.85354416359131",1.0,0.8669371077883505,1,291.9128078794742,49984,49984,0.005,0.0009833424526553,11,13,True
"1, 2, 0, 2, 1, 0","N256, N505, N604, N626, N693, N765","12.674999999999997,55.087500000000006",1.0,0.9650534477603252,1,292.5351919809284,49986,49986,0.006,0.0009854390263318,2,2,True
"1, 1, 1, 1, 0","N20, N373, N440, N617, N687","12.674999999999997,45.77576682976038",1.0,0.75762881461427,1,279.40579188552755,49998,49998,0.005,0.0009412111057225,5,8,True
"0, 1, 1, 1","N9, N20, N440, N617","12.674999999999997,45.77576682976038",1.0,0.8525116110329037,1,279.40579188552755,49998,49998,0.004,0.0009412111057225,10,14,True
